Widget number,Position X,Position Y,Width,Height,Number of Child Nodes,AverageWidth,AverageHeight,Average posX,Average posY,DeviationWidth, DeviationHeight, DeviationX, DeviationY
003,752,764,187,194,2,187.0,93.0,752.0,820.5,0.0,16.97056274847714,0.0,79.90306627407988,
004,752,764,187,105,6,31.166666666666668,17.5,752.0,807.3333333333334,76.3424303167424,42.86607049870562,0.0,21.22891110412088,
004,752,877,187,81,0,0.0,0.0,0.0,0.0,0.0,0.0,0.0,0.0,
005,752,816,0,0,0,0.0,0.0,0.0,0.0,0.0,0.0,0.0,0.0,
005,752,816,0,0,0,0.0,0.0,0.0,0.0,0.0,0.0,0.0,0.0,
005,752,816,0,0,0,0.0,0.0,0.0,0.0,0.0,0.0,0.0,0.0,
005,752,816,0,0,0,0.0,0.0,0.0,0.0,0.0,0.0,0.0,0.0,
005,752,816,0,0,0,0.0,0.0,0.0,0.0,0.0,0.0,0.0,0.0,
005,752,764,187,105,0,0.0,0.0,0.0,0.0,0.0,0.0,0.0,0.0,
