Widget number,Position X,Position Y,Width,Height,Number of Child Nodes,AverageWidth,AverageHeight,Average posX,Average posY,DeviationWidth, DeviationHeight, DeviationX, DeviationY
001,855,3659,72,40,2,51.5,26.5,435.5,3146.5,16.263455967290593,19.091883092036785,615.8900064134829,724.7844507162113,
002,871,3659,40,40,0,0.0,0.0,0.0,0.0,0.0,0.0,0.0,0.0,
002,0,2634,63,13,0,0.0,0.0,0.0,0.0,0.0,0.0,0.0,0.0,
004,940,3659,72,40,2,44.5,26.5,478.0,3146.5,6.363961030678928,19.091883092036785,675.9940828143394,724.7844507162113,
005,956,3659,40,40,0,0.0,0.0,0.0,0.0,0.0,0.0,0.0,0.0,
005,0,2634,49,13,0,0.0,0.0,0.0,0.0,0.0,0.0,0.0,0.0,
